id,start,stop,event,isWarm,latitude,longitude,temperature,windSpeed,pressure,humidity,visibility,nebulosity,cloudHeight,moonPhase
  1,  0, 88,1,0,47.50,6.95,15.6, 7.0, 97510.0, 52.0,40000.0, 75.0,1250.0, 72.0
  2,  0, 79,0,1,47.50,6.95,13.9, 5.0, 98170.0, 58.0,40000.0, 90.0, 800.0, 44.0
  2, 79, 89,1,1,47.50,6.95,19.8, 2.0, 99260.0, 42.0,50000.0, 90.0,1750.0, 17.0
  3,  0, 83,1,0,47.50,6.95,10.0, 3.0, 96790.0, 53.0,20000.0, 10.0,1250.0, 62.0
  4,  0, 83,1,0,47.50,6.95,16.1, 2.0, 99110.0, 53.0, 7000.0, 10.0,, 77.0
  5,  0,163,0,1,47.50,6.95,26.7, 5.0, 98860.0, 49.0,35000.0, 90.0,1750.0,  4.0
  5,163,164,1,1,47.50,6.95,24.4, 4.0, 99250.0, 52.0,30000.0, 10.0,1250.0,  9.0
  6,  0,193,0,1,47.50,6.95,26.5, 3.0, 98140.0, 36.0,26870.0,,, 91.0
  6,193,194,1,1,47.50,6.95,30.0, 2.0, 97970.0, 40.0,20470.0,,1750.0, 84.0
  7,  0,170,0,1,47.50,6.95,25.3, 3.0, 99250.0, 48.0,55000.0, 10.0,1250.0, 72.0
  7,170,171,1,1,47.50,6.95,26.3, 5.0, 98860.0, 50.0,40000.0, 50.0,1250.0, 62.0
  8,  0,168,0,1,47.50,6.95,19.1, 2.0, 98690.0, 59.0,17000.0, 75.0, 800.0,  2.0
  8,168,169,1,1,47.50,6.95,23.6, 4.0, 98280.0, 42.0,30000.0, 40.0,1750.0,  0.0
  9,  0,145,0,1,47.50,6.95,29.6, 3.0, 97650.0, 43.0,15000.0, 90.0,1750.0, 73.0
  9,145,146,1,1,47.50,6.95,25.6, 5.0, 97120.0, 49.0,20000.0, 90.0,1750.0, 81.0
 10,  0,116,0,1,47.50,6.95,14.8, 3.0, 99640.0, 54.0,40000.0, 90.0,1250.0, 80.0
 10,116,117,1,1,47.50,6.95,17.7, 3.0, 99420.0, 50.0,40000.0, 25.0,1250.0, 71.0
 11,  0, 86,1,0,47.50,6.95, 2.0, 3.0, 97460.0, 74.0, 8000.0, 90.0, 450.0, 98.0
 12,  0,118,0,1,47.50,6.95,11.3, 2.0, 97860.0, 81.0,20000.0,100.0, 800.0,  1.0
 12,118,119,1,1,47.50,6.95,13.4, 1.0, 98160.0, 71.0,15000.0,100.0, 800.0,  0.0
 13,  0, 85,1,0,47.50,6.95, 7.6, 4.0, 97900.0, 74.0,15000.0,100.0, 800.0, 50.0
 15,  0,165,0,1,47.50,7.15,20.9, 4.0, 99650.0, 57.0, 8000.0, 10.0,1250.0,  7.0
 15,165,166,1,1,47.50,7.15,21.5, 3.0, 99410.0, 37.0,20000.0, 10.0,8000.0,  3.0
 16,  0,157,0,1,47.50,7.15,24.9, 2.0, 98030.0, 47.0,30000.0, 75.0,1250.0,  2.0
 16,157,158,1,1,47.50,7.15,28.2, 2.0, 97970.0, 40.0,25000.0, 90.0,1750.0,  5.0
 17,  0,168,0,1,47.50,7.15,17.2, 8.0, 98190.0, 77.0,50000.0, 90.0, 800.0, 19.0
 17,168,169,1,1,47.50,7.15,15.2, 6.0, 99070.0, 75.0,15000.0, 90.0, 450.0, 11.0
 18,  0,168,0,1,47.50,7.15,32.7, 1.0, 98710.0, 38.0,25000.0, 60.0,, 48.0
 18,168,169,1,1,47.50,7.15,33.9, 1.0, 98540.0, 37.0,30000.0, 40.0,1750.0, 59.0
 19,  0,170,0,1,47.50,7.15,27.0, 3.0, 98610.0, 40.0,50000.0,  0.0,, 91.0
 19,170,171,1,1,47.50,7.15,29.7, 2.0, 98390.0, 32.0,70000.0, 10.0,2250.0, 97.0
 20,  0, 86,0,1,47.50,7.15,22.8, 5.0, 97840.0, 40.0,50000.0, 90.0,1750.0,  1.0
 20, 86, 99,1,1,47.50,7.15, 7.5, 2.0, 98230.0, 79.0,12000.0, 90.0, 450.0, 83.0
 21,  0, 65,1,0,47.50,7.15,14.8, 3.0, 98250.0, 49.0,40000.0, 90.0,1750.0, 91.0
 22,  0,157,0,1,47.50,7.15,14.8, 3.0, 97980.0, 90.0,,,,  5.0
 22,157,158,1,1,47.50,7.15,13.9, 3.0, 98130.0, 87.0,20000.0,,, 11.0
 23,  0,152,0,1,47.50,7.15,18.0, 1.0, 98350.0, 56.0,25000.0, 90.0, 800.0, 82.0
 23,152,153,1,1,47.50,7.15,17.9, 4.0, 98380.0, 59.0,14000.0, 90.0,1250.0, 74.0
 24,  0,154,0,1,47.50,7.15,23.4, 1.0, 98950.0, 50.0,20000.0, 75.0,1250.0,  3.0
 24,154,155,1,1,47.50,7.15,25.2, 1.0, 98270.0, 54.0,15000.0, 75.0,1250.0,  8.0
 25,  0,116,0,1,47.50,7.15,21.6, 5.0, 97930.0, 52.0,40000.0, 90.0,3500.0, 99.0
 25,116,119,1,1,47.50,7.15,10.6, 1.0, 98720.0, 80.0,15000.0,100.0, 450.0, 80.0
 26,  0, 97,0,1,47.50,7.15,21.2, 1.0, 98480.0, 46.0,23000.0, 90.0,3500.0, 49.0
 26, 97,108,1,1,47.50,7.15, 9.9, 7.0, 97930.0, 69.0,20000.0,100.0,1750.0, 87.0
 27,  0,150,0,1,47.50,7.15,17.7, 2.0, 98500.0, 60.0,30000.0, 90.0,1250.0, 95.0
 27,150,151,1,1,47.50,7.15,21.4, 2.0, 98410.0, 49.0,50000.0, 90.0,1250.0,
 28,  0, 84,1,0,47.50,7.15, 9.8, 4.0, 98370.0, 55.0,15000.0, 90.0, 800.0, 97.0
 29,  0, 79,0,1,47.50,7.15,13.9, 5.0, 98170.0, 58.0,40000.0, 90.0, 800.0, 44.0
 29, 79, 87,1,1,47.50,7.15,19.0, 3.0, 99170.0, 42.0,50000.0, 10.0,,  4.0
 30,  0,115,0,1,47.50,7.15,21.3, 8.0, 98340.0, 53.0,30000.0, 60.0,1250.0, 79.0
 30,115,119,1,1,47.50,7.15,20.4, 4.0, 97220.0, 53.0,30000.0, 90.0,1250.0, 99.0
 31,  0,231,0,1,47.50,7.15,34.6, 3.0, 98550.0, 32.0,26030.0,,, 14.0
 31,231,232,1,1,47.50,7.15,32.5, 2.0, 98870.0, 46.0, 9720.0,,3780.0, 22.0
 32,  0,137,0,1,47.50,7.15,20.4, 2.0, 98350.0, 40.0,25930.0,,2250.0, 69.0
 32,137,138,1,1,47.50,7.15,20.3, 4.0, 98420.0, 42.0,13670.0,,1750.0, 59.0
 33,  0,195,0,1,47.50,7.35,25.1, 7.0, 98530.0, 49.0,35000.0, 50.0,1250.0, 62.0
 33,195,196,1,1,47.50,7.35,21.1, 2.0, 99100.0, 44.0,50000.0, 90.0,1750.0, 51.0
 36,  0, 79,1,0,47.50,7.35, 8.2, 3.0,100220.0, 55.0,15000.0, 75.0,1250.0, 48.0
 37,  0,180,0,1,47.50,7.35,29.8, 3.0, 97690.0, 36.0,25000.0, 75.0, 800.0,  0.0
 37,180,181,1,1,47.50,7.35,32.8, 6.0, 97220.0, 34.0,30000.0, 90.0,1750.0,  1.0
 38,  0,181,0,1,47.50,7.35,23.8, 3.0, 99240.0, 37.0,50000.0, 10.0,2250.0, 89.0
 38,181,182,1,1,47.50,7.35,26.6, 2.0, 98560.0, 31.0,50000.0, 40.0,3500.0, 95.0
 39,  0,159,0,1,47.50,7.35,21.1, 2.0, 99310.0, 39.0,45000.0, 25.0,1750.0, 88.0
 39,159,160,1,1,47.50,7.35,23.3, 4.0, 99070.0, 33.0,50000.0, 75.0,, 94.0
 40,  0,163,0,1,47.50,7.35,24.5, 5.0, 98000.0, 62.0,15000.0, 50.0,1250.0,  8.0
 40,163,164,1,1,47.50,7.35,25.4, 1.0, 97760.0, 59.0,20000.0, 90.0,1250.0,  3.0
 41,  0,200,0,1,47.50,7.55,26.5, 2.0, 98860.0, 55.0,38590.0,,, 95.0
 41,200,201,1,1,47.50,7.55,30.4, 1.0, 98580.0, 45.0,19300.0,,, 99.0
 42,  0, 78,1,0,47.50,7.55,13.7, 7.0, 98420.0, 73.0,23000.0, 90.0, 450.0, 54.0
 43,  0,200,0,1,47.50,7.55,29.2, 6.0, 98330.0, 40.0,11400.0,,1750.0,  6.0
 43,200,201,1,1,47.50,7.55,25.8, 2.0, 98270.0, 43.0,32630.0,,1750.0, 11.0
 44,  0,169,0,1,47.50,7.75,18.8, 2.0, 98430.0, 84.0,27100.0,100.0, 800.0, 78.0
 44,169,170,1,1,47.50,7.75,27.8, 3.0, 98150.0, 53.0,51290.0,,7440.0, 86.0
 45,  0,216,0,1,47.50,7.75,25.2, 3.0, 98980.0, 53.0,26040.0, 90.0,1250.0, 84.0
 45,216,217,1,1,47.50,7.75,27.9, 5.0, 98780.0, 52.0,12710.0,,5640.0, 91.0
 46,  0,233,0,1,47.50,7.75,27.3, 2.0, 98600.0, 52.0,40000.0, 60.0,1250.0,100.0
 46,233,234,1,1,47.50,7.75,21.4, 2.0, 98750.0, 72.0,30000.0, 90.0, 800.0, 99.0
 47,  0,179,0,1,47.50,7.75,24.2, 2.0, 98670.0, 40.0,36010.0,,3660.0, 71.0
 47,179,180,1,1,47.50,7.75,28.7, 1.0, 98270.0, 34.0,30440.0,, 250.0, 81.0
 48,  0,190,0,1,47.69,6.95,24.4, 2.0, 98270.0, 62.0,40000.0, 90.0,, 98.0
 48,190,191,1,1,47.69,6.95,25.2, 5.0, 98010.0, 64.0,25000.0, 90.0, 800.0, 95.0
 49,  0,108,1,0,47.69,6.95, 8.8, 4.0, 98740.0, 63.0,25000.0, 90.0,1250.0, 32.0
 50,  0,205,0,1,47.69,6.95,26.0, 4.0, 98830.0, 56.0,17060.0,,1250.0, 85.0
 50,205,206,1,1,47.69,6.95,23.5, 3.0, 98830.0, 55.0,41070.0, 90.0,1250.0, 76.0
 51,  0,228,0,1,47.69,6.95,26.1, 5.0, 98680.0, 54.0,35000.0, 90.0,1750.0,  3.0
 51,228,229,1,1,47.69,6.95,22.4, 1.0, 98510.0, 79.0,15000.0,100.0, 800.0,  0.0
 52,  0,197,0,1,47.69,6.95,23.0, 1.0, 98460.0, 80.0,12000.0, 90.0, 800.0, 80.0
 52,197,198,1,1,47.69,6.95,30.1, 3.0, 98370.0, 37.0,40000.0, 10.0,1750.0, 89.0
 53,  0,143,0,1,47.69,6.95,22.7, 3.0, 98820.0, 55.0,30000.0, 25.0,1250.0, 87.0
 53,143,144,1,1,47.69,6.95,25.4, 2.0, 98320.0, 39.0,45000.0, 25.0,2250.0, 94.0
 54,  0,140,0,1,47.69,6.95,12.9, 4.0, 98460.0, 55.0,30000.0, 75.0,1250.0, 12.0
 54,140,144,1,1,47.69,6.95,19.0, 2.0, 98540.0, 53.0,30000.0, 90.0,1250.0, 46.0
 55,  0,167,0,1,47.69,7.15,25.4, 7.0, 98980.0, 38.0,70000.0, 60.0,1750.0, 59.0
 55,167,168,1,1,47.69,7.15,23.6, 6.0, 99360.0, 39.0,35000.0, 25.0,, 48.0
 59,  0,172,0,1,47.69,7.15,15.5, 2.0, 97820.0, 89.0, 4500.0,100.0, 450.0, 16.0
 59,172,173,1,1,47.69,7.15,20.5, 1.0, 97510.0, 53.0, 5000.0, 90.0,1250.0, 24.0
 60,  0,158,0,1,47.69,7.15,13.9, 5.0, 98920.0, 89.0,15000.0,100.0, 450.0, 24.0
 60,158,159,1,1,47.69,7.15,19.5, 1.0, 99130.0, 54.0,25000.0, 60.0,1250.0, 34.0
 61,  0,168,0,1,47.69,7.15,17.2, 8.0, 98190.0, 77.0,50000.0, 90.0, 800.0, 19.0
 61,168,169,1,1,47.69,7.15,15.2, 6.0, 99070.0, 75.0,15000.0, 90.0, 450.0, 11.0
 62,  0,181,0,1,47.69,7.15,23.8, 3.0, 99240.0, 37.0,50000.0, 10.0,2250.0, 89.0
 62,181,182,1,1,47.69,7.15,26.6, 2.0, 98560.0, 31.0,50000.0, 40.0,3500.0, 95.0
 63,  0,146,0,1,47.69,7.15,28.1, 1.0, 98850.0, 44.0,50000.0, 10.0,1250.0, 80.0
 63,146,147,1,1,47.69,7.15,30.3, 1.0, 98480.0, 49.0,40000.0, 60.0,1750.0, 70.0
 64,  0, 86,0,1,47.69,7.15,22.8, 5.0, 97840.0, 40.0,50000.0, 90.0,1750.0,  1.0
 64, 86,101,1,1,47.69,7.15, 7.9, 3.0, 98750.0, 51.0,12000.0, 60.0,1250.0, 95.0
 65,  0,157,0,1,47.69,7.15,23.4, 1.0, 98010.0, 63.0,17000.0, 90.0, 800.0, 69.0
 65,157,158,1,1,47.69,7.15,25.7, 2.0, 97980.0, 62.0,17000.0, 50.0, 800.0, 58.0
 66,  0,148,0,1,47.69,7.35,31.2, 1.0, 98620.0, 40.0,50000.0, 75.0,1750.0, 20.0
 66,148,149,1,1,47.69,7.35,30.7, 1.0, 98250.0, 36.0,40000.0, 40.0,1750.0, 30.0
 74,  0,152,0,1,47.69,7.35,12.7, 5.0, 97990.0, 55.0,25000.0, 90.0,1250.0, 15.0
 74,152,153,1,1,47.69,7.35,19.4, 2.0, 98030.0, 54.0,17000.0, 75.0,1750.0,  8.0
 75,  0,164,0,1,47.69,7.35,22.4, 4.0, 99400.0, 57.0,15000.0, 60.0,1250.0, 82.0
 75,164,165,1,1,47.69,7.35,25.9, 2.0, 99140.0, 54.0,29000.0,,, 89.0
 76,  0,180,0,1,47.69,7.35,29.8, 3.0, 97690.0, 36.0,25000.0, 75.0, 800.0,  0.0
 76,180,181,1,1,47.69,7.35,32.8, 6.0, 97220.0, 34.0,30000.0, 90.0,1750.0,  1.0
 77,  0,156,0,1,47.69,7.35,17.7, 4.0, 98820.0, 64.0,50000.0, 90.0,1250.0,  2.0
 77,156,157,1,1,47.69,7.35,18.1, 5.0, 98800.0, 64.0,60000.0,,,  0.0
 78,  0,162,0,1,47.69,7.35,26.2, 2.0, 99010.0, 39.0,30000.0,  0.0,,100.0
 78,162,163,1,1,47.69,7.35,26.7, 3.0, 99150.0, 40.0,20000.0, 10.0,1750.0, 99.0
 79,  0,161,0,1,47.69,7.35,26.7, 3.0, 98220.0, 55.0,10000.0, 75.0,1250.0, 25.0
 79,161,162,1,1,47.69,7.35,24.1, 3.0, 98180.0, 70.0,15000.0, 75.0, 800.0, 16.0
 80,  0,196,0,1,47.69,7.55,21.1, 2.0, 99100.0, 44.0,50000.0, 90.0,1750.0, 51.0
 80,196,197,1,1,47.69,7.55,25.3, 2.0, 99200.0, 36.0,40000.0, 40.0,1750.0, 39.0
 82,  0,167,0,1,47.69,7.55,26.9, 2.0, 98550.0, 25.0,20460.0,,2880.0,  3.0
 82,167,168,1,1,47.69,7.55,28.7, 1.0, 98330.0, 25.0,14360.0,,,  1.0
 83,  0, 81,1,0,47.69,7.55,18.1, 4.0, 99260.0, 58.0,17940.0,,1250.0, 92.0
 84,  0, 68,1,0,47.69,7.55,16.0, 2.0, 97170.0, 38.0,11340.0,,4020.0, 86.0
 86,  0,163,0,1,47.69,7.55,25.1, 4.0, 98040.0, 50.0,25000.0, 90.0, 800.0, 41.0
 86,163,164,1,1,47.69,7.55,23.1, 1.0, 97700.0, 62.0, 8000.0, 90.0, 800.0, 51.0
 87,  0,197,0,1,47.69,7.55,26.8, 5.0, 97800.0, 55.0,18000.0, 90.0, 800.0, 85.0
 87,197,198,1,1,47.69,7.55,22.1, 5.0, 98850.0, 52.0,30000.0, 90.0,1250.0, 77.0
 88,  0,154,0,1,47.69,7.55,17.3, 2.0, 98680.0, 72.0,20000.0, 90.0, 450.0,100.0
 88,154,155,1,1,47.69,7.55,14.2, 1.0, 99130.0, 88.0, 6000.0,100.0, 250.0, 99.0
 89,  0,156,0,1,47.69,7.55,17.7, 4.0, 98820.0, 64.0,50000.0, 90.0,1250.0,  2.0
 89,156,157,1,1,47.69,7.55,18.1, 5.0, 98800.0, 64.0,60000.0,,,  0.0
 90,  0, 53,1,0,47.69,7.55, 4.0, 2.0, 98570.0, 81.0, 5000.0, 90.0, 450.0, 59.0
 91,  0,158,0,1,47.69,7.55,25.7, 2.0, 97980.0, 62.0,17000.0, 50.0, 800.0, 58.0
 91,158,159,1,1,47.69,7.55,26.2, 2.0, 98380.0, 59.0,16000.0, 50.0, 800.0, 47.0
 92,  0,162,0,1,47.69,7.55,25.8, 2.0, 98720.0, 54.0,17000.0, 60.0, 800.0, 48.0
 92,162,163,1,1,47.69,7.55,19.6, 3.0, 98630.0, 80.0,12000.0, 90.0, 450.0, 58.0
 93,  0,177,0,1,47.69,7.55,25.2, 2.0, 98890.0, 38.0,30000.0, 60.0,1750.0, 68.0
 93,177,178,1,1,47.69,7.55,26.1, 6.0, 98600.0, 48.0,25000.0, 60.0,1750.0, 77.0
 94,  0,189,0,1,47.88,6.95,33.3, 4.0, 98420.0, 37.0,30000.0, 25.0,1750.0,100.0
 94,189,190,1,1,47.88,6.95,24.4, 2.0, 98270.0, 62.0,40000.0, 90.0,, 98.0
101,  0,150,0,1,47.88,7.15,18.9, 2.0, 99170.0, 52.0,15000.0, 90.0,8000.0, 93.0
101,150,151,1,1,47.88,7.15,25.3, 1.0, 98780.0, 38.0,30000.0, 25.0,8000.0, 98.0
102,  0, 42,1,0,47.88,7.15, 8.1, 2.0, 99360.0, 86.0, 9000.0,100.0, 250.0,  6.0
103,  0,163,0,1,47.88,7.15,12.5, 4.0, 98420.0, 90.0, 9000.0, 90.0, 450.0, 94.0
103,163,164,1,1,47.88,7.15,16.4, 2.0, 98660.0, 45.0,,,, 87.0
104,  0, 83,1,0,47.88,7.15,13.8, 4.0, 98210.0, 55.0,75000.0,  0.0,, 63.0
105,  0,158,0,1,47.88,7.15,13.9, 5.0, 98920.0, 89.0,15000.0,100.0, 450.0, 24.0
105,158,159,1,1,47.88,7.15,19.5, 1.0, 99130.0, 54.0,25000.0, 60.0,1250.0, 34.0
106,  0,171,0,1,47.88,7.15,20.4, 2.0, 98880.0, 56.0,20000.0, 60.0,1250.0,  1.0
106,171,172,1,1,47.88,7.15,25.1, 5.0, 98270.0, 38.0,50000.0, 25.0,1750.0,  0.0
107,  0,175,0,1,47.88,7.15,18.6, 3.0, 99150.0, 86.0, 9000.0,100.0,1250.0,100.0
107,175,176,1,1,47.88,7.15,23.2, 3.0, 99270.0, 55.0,15000.0, 10.0,1250.0, 99.0
108,  0,160,0,1,47.88,7.15,24.3, 2.0, 98810.0, 54.0,20000.0, 90.0,1250.0, 71.0
108,160,161,1,1,47.88,7.15,31.5, 2.0, 98430.0, 36.0,20000.0, 90.0,1750.0, 81.0
109,  0,161,0,1,47.88,7.15,30.6, 2.0, 98990.0, 35.0,35000.0, 40.0,1750.0, 53.0
109,161,162,1,1,47.88,7.15,30.9, 2.0, 98830.0, 36.0,35000.0, 90.0,2250.0, 43.0
110,  0,108,1,0,47.88,7.15,14.1, 2.0, 97060.0, 58.0,20000.0, 90.0, 800.0, 66.0
111,  0, 82,1,0,47.88,7.15, 5.6, 3.0, 97810.0, 90.0, 5000.0,100.0, 150.0, 29.0
112,  0,157,0,1,47.88,7.15,23.4, 1.0, 98010.0, 63.0,17000.0, 90.0, 800.0, 69.0
112,157,158,1,1,47.88,7.15,25.7, 2.0, 97980.0, 62.0,17000.0, 50.0, 800.0, 58.0
113,  0,206,0,1,47.88,7.15,22.1, 8.0, 98290.0, 43.0,50000.0, 60.0,, 72.0
113,206,207,1,1,47.88,7.15,21.3, 2.0, 98100.0, 46.0,30000.0,100.0,3600.0, 81.0
114,  0,120,1,0,47.88,7.15,18.8, 4.0, 97660.0, 30.0,40000.0, 10.0,, 24.0
115,  0,213,0,1,47.88,7.15,24.7, 2.0, 98520.0, 43.0,50000.0, 50.0,1750.0,  4.0
115,213,214,1,1,47.88,7.15,25.3, 1.0, 98390.0, 46.0,50000.0, 25.0,1250.0, 10.0
116,  0,149,0,1,47.88,7.15,23.8, 4.0, 99410.0, 47.0,14810.0,,1750.0, 46.0
116,149,150,1,1,47.88,7.15,21.6, 5.0, 98970.0, 32.0, 9730.0,,2250.0, 58.0
117,  0, 86,1,0,47.88,7.15,11.6, 7.0, 99530.0, 45.0,40000.0, 40.0,1750.0,100.0
118,  0,137,0,1,47.88,7.15,14.8, 8.0, 98930.0, 51.0, 8310.0, 90.0, 450.0,  2.0
118,137,138,1,1,47.88,7.15,15.7, 4.0, 98840.0, 55.0,21440.0,100.0,1750.0,  0.0
119,  0,208,0,1,47.88,7.15,28.7, 2.0, 98160.0, 41.0,31030.0,,, 54.0
119,208,209,1,1,47.88,7.15,28.9, 1.0, 98230.0, 50.0,30900.0,,6600.0, 43.0
127,  0, 78,1,0,47.88,7.35, 7.8, 2.0, 98440.0, 65.0, 2500.0, 90.0,1750.0,  0.0
128,  0,146,0,1,47.88,7.35,20.6, 2.0, 98970.0, 40.0,25000.0, 40.0,1250.0, 67.0
128,146,147,1,1,47.88,7.35,21.1, 5.0, 98680.0, 38.0,15000.0, 10.0,1750.0, 56.0
129,  0,167,0,1,47.88,7.35,12.8, 7.0, 98960.0, 86.0,10000.0, 75.0, 800.0, 57.0
129,167,168,1,1,47.88,7.35,20.1, 5.0, 99420.0, 47.0,45000.0, 90.0,1750.0, 46.0
130,  0,158,0,1,47.88,7.35,13.9, 5.0, 98920.0, 89.0,15000.0,100.0, 450.0, 24.0
130,158,159,1,1,47.88,7.35,19.5, 1.0, 99130.0, 54.0,25000.0, 60.0,1250.0, 34.0
131,  0,158,0,1,47.88,7.35,20.0, 6.0, 98410.0, 63.0,30000.0, 90.0,1250.0, 98.0
131,158,159,1,1,47.88,7.35,14.5, 2.0, 98150.0, 92.0, 4500.0,100.0, 800.0, 95.0
132,  0,167,0,1,47.88,7.35,26.9, 2.0, 98820.0, 55.0,15000.0, 90.0,3500.0, 36.0
132,167,168,1,1,47.88,7.35,32.7, 1.0, 98710.0, 38.0,25000.0, 60.0,, 48.0
133,  0,161,0,1,47.88,7.35,31.5, 2.0, 98430.0, 36.0,20000.0, 90.0,1750.0, 81.0
133,161,162,1,1,47.88,7.35,28.9, 2.0, 98830.0, 47.0,20000.0, 60.0,1750.0, 89.0
134,  0,158,0,1,47.88,7.35,20.2, 3.0, 98700.0, 59.0,30000.0, 60.0,1250.0, 83.0
134,158,159,1,1,47.88,7.35,23.7, 2.0, 98910.0, 47.0,40000.0, 10.0,1750.0, 74.0
135,  0, 76,1,0,47.88,7.35,21.1, 5.0, 99720.0, 38.0,20000.0, 75.0,3500.0, 54.0
136,  0, 32,1,0,47.88,7.35,-1.0, 2.0, 99020.0, 82.0, 1800.0, 90.0,3500.0,  1.0
137,  0,157,0,1,47.88,7.35,23.4, 1.0, 98010.0, 63.0,17000.0, 90.0, 800.0, 69.0
137,157,158,1,1,47.88,7.35,25.7, 2.0, 97980.0, 62.0,17000.0, 50.0, 800.0, 58.0
138,  0,188,0,1,47.88,7.35,25.5, 3.0, 97800.0, 39.0,55000.0, 75.0,1750.0, 56.0
138,188,189,1,1,47.88,7.35,22.2, 1.0, 98230.0, 54.0,30000.0, 60.0,1250.0, 67.0
139,  0,247,0,1,47.88,7.35,22.4, 1.0, 98400.0, 60.0,25000.0, 60.0, 800.0, 74.0
139,247,248,1,1,47.88,7.35,24.9, 2.0, 98260.0, 59.0,30000.0, 90.0,1250.0, 84.0
140,  0,196,0,1,47.88,7.35,21.1, 2.0, 99100.0, 44.0,50000.0, 90.0,1750.0, 51.0
140,196,197,1,1,47.88,7.35,25.3, 2.0, 99200.0, 36.0,40000.0, 40.0,1750.0, 39.0
141,  0,195,0,1,47.88,7.35,24.6, 4.0, 98240.0, 50.0,30000.0, 60.0,1250.0, 98.0
141,195,196,1,1,47.88,7.35,21.5, 5.0, 98420.0, 61.0,20000.0, 75.0, 800.0,100.0
142,  0, 88,1,0,47.88,7.35,19.1, 3.0, 97760.0, 32.0,20000.0,100.0,,  4.0
143,  0,182,0,1,47.88,7.35,21.4, 3.0, 97950.0, 57.0,17290.0,100.0,1750.0, 99.0
143,182,183,1,1,47.88,7.35,22.1, 5.0, 98320.0, 60.0, 8190.0, 90.0, 800.0,100.0
144,  0,216,0,1,47.88,7.35,27.9, 4.0, 98240.0, 50.0,19050.0, 75.0,2580.0,  0.0
144,216,217,1,1,47.88,7.35,26.6, 3.0, 98440.0, 50.0,33570.0,,,  1.0
145,  0,196,0,1,47.88,7.35,26.5, 5.0, 98820.0, 47.0,14220.0,,1250.0, 64.0
145,196,197,1,1,47.88,7.35,24.3, 6.0, 98620.0, 46.0,22240.0, 90.0,1750.0, 53.0
146,  0,202,0,1,47.88,7.55,31.4, 1.0, 97880.0, 39.0,23130.0,,,100.0
146,202,203,1,1,47.88,7.55,27.7, 3.0, 97820.0, 54.0,30300.0, 90.0,2820.0, 98.0
147,  0,177,0,1,47.88,7.55,26.1, 6.0, 98600.0, 54.0,29660.0, 90.0,1250.0,  2.0
147,177,178,1,1,47.88,7.55,26.8, 3.0, 99220.0, 54.0,32030.0, 75.0,1250.0,  6.0
148,  0, 86,0,1,47.88,7.55,22.8, 5.0, 97840.0, 40.0,50000.0, 90.0,1750.0,  1.0
148, 86,100,1,1,47.88,7.55, 4.1, 3.0, 97830.0, 93.0, 6000.0,100.0, 250.0, 90.0
149,  0,247,0,1,47.88,7.55,26.3, 1.0, 98760.0, 43.0,28160.0,,, 61.0
149,247,248,1,1,47.88,7.55,25.4, 2.0, 98810.0, 53.0,24170.0,,, 72.0
150,  0,205,0,1,47.88,7.75,26.0, 4.0, 98830.0, 56.0,17060.0,,1250.0, 85.0
150,205,206,1,1,47.88,7.75,23.5, 3.0, 98830.0, 55.0,41070.0, 90.0,1250.0, 76.0
151,  0,245,0,1,47.88,7.75,19.5, 1.0, 98160.0, 64.0,54800.0,, 800.0, 70.0
151,245,246,1,1,47.88,7.75,24.7, 1.0, 98200.0, 52.0,19070.0,,, 79.0
152,  0, 69,1,0,47.88,7.75,13.3, 2.0, 99010.0, 33.0,16000.0,  0.0,, 57.0
153,  0,189,0,1,47.88,7.95,22.8, 4.0, 99680.0, 50.0,30000.0, 10.0,1750.0, 77.0
153,189,190,1,1,47.88,7.95,24.9, 2.0, 99340.0, 43.0,50000.0, 50.0,, 86.0
155,  0,217,0,1,48.06,6.95,27.3, 6.0, 98450.0, 57.0,40000.0, 90.0,1250.0, 98.0
155,217,218,1,1,48.06,6.95,23.9, 3.0, 98970.0, 37.0,50000.0, 60.0,1750.0,100.0
161,  0,182,0,1,48.06,7.15,23.4, 2.0, 97920.0, 55.0,35000.0, 90.0,1250.0, 55.0
161,182,183,1,1,48.06,7.15,15.1, 2.0, 98220.0, 98.0, 2500.0,100.0, 150.0, 64.0
162,  0,198,0,1,48.06,7.15,13.0, 2.0, 98400.0, 84.0, 5000.0, 90.0, 250.0, 99.0
162,198,199,1,1,48.06,7.15,18.7, 1.0, 98640.0, 53.0,45000.0, 25.0,1250.0, 97.0
163,  0,181,0,1,48.06,7.15,26.7, 3.0, 98900.0, 52.0,20000.0, 90.0,1250.0, 76.0
163,181,182,1,1,48.06,7.15,23.5, 2.0, 99370.0, 47.0,25000.0, 40.0,1250.0, 91.0
164,  0,195,0,1,48.06,7.15,20.2, 6.0, 98770.0, 72.0,13000.0, 90.0,1250.0, 34.0
164,195,196,1,1,48.06,7.15,19.4, 7.0, 98280.0, 87.0, 4000.0,100.0, 250.0, 45.0
165,  0,143,0,1,48.06,7.15,23.4, 2.0, 98540.0, 55.0,20000.0, 50.0,1250.0, 37.0
165,143,144,1,1,48.06,7.15,24.7, 3.0, 97510.0, 46.0,60000.0, 75.0,1750.0, 28.0
166,  0,243,0,1,48.06,7.15,20.0, 5.0, 98380.0, 72.0,60000.0,,, 98.0
166,243,244,1,1,48.06,7.15,19.6, 1.0, 98630.0, 53.0,50000.0, 90.0,1250.0,
167,  0,178,0,1,48.06,7.15,31.3, 2.0, 98720.0, 47.0,10000.0, 50.0, 800.0, 62.0
167,178,179,1,1,48.06,7.15,34.0, 2.0, 98270.0, 29.0,20000.0, 60.0,1750.0, 52.0
169,  0, 44,1,0,48.06,7.15, 9.0, 8.0, 98210.0, 76.0,20000.0, 90.0, 800.0, 42.0
170,  0,184,0,1,48.06,7.15,21.1, 2.0, 98290.0, 44.0,30000.0, 10.0,1750.0, 14.0
170,184,185,1,1,48.06,7.15,25.0, 1.0, 98190.0, 33.0,35000.0,,, 23.0
171,  0,190,0,1,48.06,7.15,26.3, 2.0, 98870.0, 53.0,20000.0, 90.0,1250.0,  4.0
171,190,191,1,1,48.06,7.15,27.4, 3.0, 98470.0, 46.0,20000.0, 50.0,1250.0,  9.0
172,  0,139,0,1,48.06,7.15,13.5, 4.0, 98070.0, 68.0,20000.0, 90.0, 800.0,  7.0
172,139,140,1,1,48.06,7.15,12.9, 4.0, 98460.0, 55.0,30000.0, 75.0,1250.0, 12.0
173,  0,123,1,0,48.06,7.15,14.6, 1.0, 98500.0, 52.0,60000.0, 90.0,, 65.0
174,  0,219,0,1,48.06,7.15,34.4, 4.0, 98030.0, 30.0,35000.0, 50.0,, 11.0
174,219,220,1,1,48.06,7.15,28.7, 3.0, 98330.0, 49.0,30000.0, 90.0,1250.0,  4.0
175,  0,195,0,1,48.06,7.15,24.6, 4.0, 98240.0, 50.0,30000.0, 60.0,1250.0, 98.0
175,195,196,1,1,48.06,7.15,21.5, 5.0, 98420.0, 61.0,20000.0, 75.0, 800.0,100.0
176,  0,208,0,1,48.06,7.15,27.5, 5.0, 98300.0, 42.0,60000.0, 90.0,1750.0, 53.0
176,208,209,1,1,48.06,7.15,31.1, 1.0, 98260.0, 35.0,40000.0, 10.0,, 64.0
177,  0, 90,1,0,48.06,7.15,10.0, 4.0, 96310.0, 81.0,20000.0, 90.0, 450.0,
178,  0, 77,1,0,48.06,7.15,12.2, 1.0, 98990.0, 81.0,36430.0,100.0,1750.0, 62.0
179,  0, 66,1,0,48.06,7.15,16.1, 1.0, 98630.0, 44.0,23930.0,,, 70.0
187,  0,170,0,1,48.06,7.35,27.1, 6.0, 98200.0, 40.0,16000.0, 75.0,1750.0,  5.0
187,170,171,1,1,48.06,7.35,24.4, 7.0, 98040.0, 36.0,15000.0, 90.0,1750.0, 10.0
188,  0, 33,1,0,48.06,7.35, 3.8, 2.0, 99390.0, 65.0, 4500.0, 40.0,3500.0, 54.0
189,  0,168,0,1,48.06,7.35,20.1, 5.0, 99420.0, 47.0,45000.0, 90.0,1750.0, 46.0
189,168,169,1,1,48.06,7.35,21.9, 3.0, 99420.0, 40.0,40000.0, 75.0,1750.0, 35.0
190,  0, 93,1,0,48.06,7.35,14.2, 6.0, 97080.0, 38.0,40000.0, 90.0,8000.0,  6.0
191,  0,259,0,1,48.06,7.35,14.5, 6.0, 98200.0, 62.0,20000.0, 90.0, 800.0,  1.0
191,259,262,1,1,48.06,7.35,14.0, 2.0, 98050.0, 72.0,25000.0,100.0,1250.0,  6.0
192,  0,171,0,1,48.06,7.35,27.8, 3.0, 98730.0, 70.0,16000.0, 75.0,1750.0, 80.0
192,171,172,1,1,48.06,7.35,27.5, 3.0, 98800.0, 71.0,12000.0, 75.0,1750.0, 88.0
193,  0, 80,1,0,48.06,7.35, 9.9, 4.0, 98860.0, 47.0,10000.0, 90.0,3500.0, 76.0
194,  0,166,0,1,48.06,7.35,22.0, 6.0, 99330.0, 53.0,18000.0, 50.0,1250.0, 11.0
194,166,167,1,1,48.06,7.35,19.4, 2.0, 98830.0, 68.0,12000.0, 90.0,3500.0,  6.0
195,  0,146,0,1,48.06,7.35,28.1, 1.0, 98850.0, 44.0,50000.0, 10.0,1250.0, 80.0
195,146,147,1,1,48.06,7.35,30.3, 1.0, 98480.0, 49.0,40000.0, 60.0,1750.0, 70.0
196,  0,138,0,1,48.06,7.35,18.2, 4.0, 98400.0, 93.0, 8000.0,100.0, 250.0, 57.0
196,138,139,1,1,48.06,7.35,18.5, 7.0, 98470.0, 52.0,40000.0, 50.0,1250.0, 45.0
197,  0,107,0,1,48.06,7.35,24.2, 1.0, 98540.0, 29.0,50000.0, 40.0,1750.0,  0.0
197,107,114,1,1,48.06,7.35,25.2, 1.0, 98700.0, 38.0,30000.0, 90.0,1750.0, 51.0
198,  0,150,0,1,48.06,7.35,24.8, 3.0, 98330.0, 31.0,25000.0, 10.0,1250.0, 71.0
198,150,151,1,1,48.06,7.35,26.1, 4.0, 98550.0, 35.0,25000.0, 40.0,1750.0, 81.0
199,  0,205,0,1,48.06,7.35,26.2, 3.0, 98500.0, 58.0,40000.0, 60.0, 800.0, 89.0
199,205,206,1,1,48.06,7.35,30.0, 3.0, 98450.0, 48.0,30000.0, 50.0,1750.0, 82.0
200,  0, 33,1,0,48.06,7.35, 3.1, 5.0, 97190.0, 80.0,25000.0, 75.0,, 88.0
201,  0, 42,1,0,48.06,7.35, 6.6, 2.0, 97640.0, 59.0,50000.0, 60.0,1250.0,  5.0
202,  0, 64,1,0,48.06,7.35,10.6, 2.0, 97230.0, 50.0,40000.0, 75.0,1750.0, 64.0
203,  0,143,0,1,48.06,7.35,22.7, 1.0, 98490.0, 52.0,18000.0, 60.0,1250.0, 76.0
203,143,144,1,1,48.06,7.35,23.5, 1.0, 98520.0, 46.0,60000.0, 50.0,1250.0, 84.0
204,  0,106,1,0,48.06,7.35,15.7, 4.0, 98520.0, 56.0,40000.0, 90.0,1750.0, 90.0
205,  0,112,0,1,48.06,7.35,14.8, 1.0, 97840.0, 49.0,38360.0,,6960.0,  3.0
205,112,113,1,1,48.06,7.35,20.1, 3.0, 98160.0, 37.0,16720.0,,,  1.0
206,  0,172,0,1,48.06,7.35,26.3, 1.0, 97720.0, 49.0,50000.0, 25.0,1250.0, 87.0
206,172,173,1,1,48.06,7.35,20.1, 1.0, 98160.0, 74.0,15000.0, 90.0, 800.0, 94.0
207,  0, 72,1,0,48.06,7.35,17.0, 4.0, 98190.0, 29.0,20000.0, 60.0,, 84.0
208,  0, 83,1,0,48.06,7.35,12.8, 3.0, 97950.0, 76.0,58870.0,100.0,1750.0, 16.0
209,  0, 99,0,1,48.06,7.35,24.1, 3.0, 97920.0, 40.0,34390.0,,3720.0,  0.0
209, 99,119,1,1,48.06,7.35,12.6, 4.0, 98520.0, 78.0,30220.0,100.0, 800.0, 79.0
210,  0,114,0,1,48.06,7.35,12.5, 3.0, 98590.0, 77.0,47690.0,100.0,1750.0, 14.0
210,114,115,1,1,48.06,7.35,15.2, 3.0, 98560.0, 75.0,47150.0, 90.0, 450.0,  7.0
212,  0,163,0,1,48.06,7.55,25.1, 4.0, 98040.0, 50.0,25000.0, 90.0, 800.0, 41.0
212,163,164,1,1,48.06,7.55,23.1, 1.0, 97700.0, 62.0, 8000.0, 90.0, 800.0, 51.0
213,  0, 80,0,1,48.06,7.55,14.9, 8.0, 99070.0, 72.0,15000.0, 90.0,1250.0, 55.0
213, 80, 94,1,1,48.06,7.55,17.0, 4.0, 97170.0, 45.0,12000.0, 10.0,1750.0, 53.0
214,  0,189,0,1,48.06,7.55,26.4, 3.0, 98840.0, 38.0,15000.0, 50.0,1750.0, 79.0
214,189,190,1,1,48.06,7.55,26.7, 3.0, 98620.0, 38.0,25000.0, 60.0,1750.0, 88.0
215,  0,141,0,1,48.06,7.55,17.9, 4.0, 97900.0, 63.0,40000.0, 90.0, 800.0, 24.0
215,141,142,1,1,48.06,7.55,22.9, 2.0, 97250.0, 50.0,30000.0, 90.0,1750.0, 15.0
216,  0, 41,1,0,48.06,7.75, 3.0, 4.0, 98630.0, 76.0,25000.0,100.0, 450.0, 45.0
217,  0,189,0,1,48.06,7.75,18.8, 5.0, 98560.0, 69.0,15000.0, 90.0, 800.0, 53.0
217,189,190,1,1,48.06,7.75,22.5, 5.0, 98540.0, 44.0,30000.0, 25.0,1250.0, 64.0
218,  0,170,0,1,48.06,7.75,20.6, 2.0, 98210.0, 54.0,40540.0,100.0,1250.0,  8.0
218,170,171,1,1,48.06,7.75,21.1, 4.0, 98650.0, 54.0,22910.0,,1250.0,  4.0
219,  0,101,1,0,48.06,7.75,18.4, 4.0, 97670.0, 45.0,40000.0, 90.0,1250.0,  1.0
220,  0, 86,1,0,48.06,7.75,18.3, 2.0, 99450.0, 30.0,20000.0,  0.0,, 15.0
221,  0, 91,0,1,48.06,7.75,11.6, 7.0, 97570.0, 71.0,58570.0, 90.0, 800.0, 78.0
221, 91, 99,1,1,48.06,7.75,13.3, 1.0, 99010.0, 50.0,24040.0,,1250.0, 87.0
222,  0, 97,0,1,48.06,7.75,27.6, 3.0, 98380.0, 33.0,53120.0,,,  6.0
222, 97, 98,1,1,48.06,7.75,23.5, 2.0, 98600.0, 36.0,49470.0,,,  2.0
223,  0, 19,1,0,48.06,7.75, 2.2, 2.0, 98840.0, 81.0, 6510.0,, 450.0, 66.0
224,  0, 93,1,0,48.06,7.75,12.9, 2.0, 97920.0, 62.0,40000.0, 90.0, 800.0, 79.0
225,  0,152,0,1,48.06,7.75,21.1, 5.0, 98530.0, 63.0,35000.0, 75.0,1250.0, 98.0
225,152,153,1,1,48.06,7.75,25.8, 4.0, 98640.0, 47.0,40000.0, 50.0,1250.0,100.0
226,  0,123,0,1,48.06,7.95,23.3, 4.0, 98060.0, 46.0,13350.0, 90.0,1250.0, 49.0
226,123,129,1,1,48.06,7.95,16.0, 2.0, 98370.0, 52.0,25490.0, 75.0,1750.0, 95.0
227,  0,104,0,1,48.06,7.95,21.3, 4.0, 98690.0, 52.0,18000.0, 10.0,, 94.0
227,104,105,1,1,48.06,7.95,20.6, 2.0, 99090.0, 50.0,30000.0, 75.0,1250.0, 98.0
228,  0,135,0,1,48.06,7.95,18.2, 3.0, 98050.0, 52.0,17810.0, 90.0,1250.0, 10.0
228,135,136,1,1,48.06,7.95,11.2, 6.0, 98390.0, 92.0,13060.0,100.0, 450.0,  5.0
229,  0,216,0,1,48.06,8.15,34.7, 2.0, 98490.0, 35.0,20000.0, 50.0,2250.0, 40.0
229,216,217,1,1,48.06,8.15,31.1, 4.0, 98610.0, 45.0,30000.0, 10.0,1750.0, 29.0
230,  0,249,0,1,48.25,6.95,22.8, 7.0, 98780.0, 52.0,40000.0, 90.0,1250.0,100.0
230,249,250,1,1,48.25,6.95,19.4, 3.0, 98640.0, 49.0,35000.0, 90.0,1250.0, 98.0
237,  0,175,0,1,48.25,7.35,14.5, 2.0, 98930.0, 71.0,10000.0, 90.0, 800.0, 42.0
237,175,176,1,1,48.25,7.35,16.4, 5.0, 99060.0, 56.0,17000.0, 90.0, 800.0, 53.0
238,  0, 59,1,0,48.25,7.35,12.5, 3.0,100130.0, 41.0,70000.0, 90.0,8000.0, 86.0
239,  0,130,0,1,48.25,7.35,25.2, 3.0, 98460.0, 39.0,50000.0, 25.0,1250.0, 49.0
239,130,131,1,1,48.25,7.35,24.6, 2.0, 98290.0, 48.0,30000.0, 25.0,1750.0, 59.0
240,  0,167,0,1,48.25,7.35,28.1, 3.0, 98140.0, 45.0,15000.0, 40.0,1250.0, 94.0
240,167,168,1,1,48.25,7.35,28.8, 4.0, 98020.0, 44.0,40000.0,,, 88.0
241,  0, 95,1,0,48.25,7.35,14.1, 7.0, 99100.0, 62.0,20000.0, 90.0, 800.0, 99.0
242,  0,145,0,1,48.25,7.35,23.9, 2.0, 99270.0, 53.0,50000.0, 50.0,, 88.0
242,145,146,1,1,48.25,7.35,28.1, 1.0, 98850.0, 44.0,50000.0, 10.0,1250.0, 80.0
244,  0,153,0,1,48.25,7.35,17.5, 3.0, 98800.0, 80.0,10000.0, 90.0, 450.0, 98.0
244,153,154,1,1,48.25,7.35,19.5, 1.0, 98750.0, 74.0,10000.0, 90.0, 800.0, 93.0
245,  0,160,0,1,48.25,7.35,20.1, 1.0, 98010.0, 58.0,15000.0, 60.0,1250.0, 98.0
245,160,161,1,1,48.25,7.35,21.3, 1.0, 98480.0, 52.0,40000.0, 60.0,1250.0, 94.0
246,  0,241,0,1,48.25,7.35,18.1, 4.0, 98640.0, 59.0,50000.0, 75.0,1250.0, 72.0
246,241,242,1,1,48.25,7.35,13.8, 7.0, 98520.0, 70.0,20000.0, 90.0, 800.0, 62.0
247,  0,192,0,1,48.25,7.35,17.9, 3.0, 98230.0, 88.0,15000.0,100.0, 450.0,100.0
247,192,193,1,1,48.25,7.35,20.9, 2.0, 98180.0, 69.0,20000.0, 90.0, 800.0, 98.0
248,  0,  9,1,0,48.25,7.35,10.0, 4.0, 99860.0, 71.0,30000.0, 90.0,, 79.0
249,  0, 94,1,0,48.25,7.35,18.1, 2.0, 97970.0, 58.0,14000.0, 90.0,, 20.0
250,  0,119,1,0,48.25,7.35,14.0, 2.0, 98410.0, 31.0,40000.0, 10.0,1750.0, 15.0
251,  0,115,0,1,48.25,7.35,21.3, 8.0, 98340.0, 53.0,30000.0, 60.0,1250.0, 79.0
251,115,118,1,1,48.25,7.35,18.8, 1.0, 97990.0, 52.0,40000.0, 75.0,1750.0, 97.0
252,  0,105,1,0,48.25,7.35,11.7, 3.0, 98740.0, 60.0,10000.0, 90.0,, 82.0
254,  0,119,1,0,48.25,7.35,14.1, 3.0, 97640.0, 70.0,35000.0, 90.0,, 91.0
255,  0, 79,1,0,48.25,7.35,17.3, 5.0, 99500.0, 32.0,15000.0, 10.0,1750.0, 86.0
256,  0, 40,1,0,48.25,7.35, 5.6, 1.0,100050.0, 52.0,10360.0,,, 98.0
257,  0, 40,1,0,48.25,7.35,11.6, 1.0, 96080.0, 82.0,52850.0,100.0,1750.0,  3.0
258,  0, 67,1,0,48.25,7.35,16.5, 2.0, 97990.0, 34.0,25060.0,,, 78.0
269,  0,170,0,1,48.25,7.55,17.6, 2.0, 97730.0, 66.0, 9000.0,100.0, 800.0, 98.0
269,170,171,1,1,48.25,7.55,18.0, 3.0, 97820.0, 54.0,50000.0, 90.0,1250.0,100.0
270,  0, 97,1,0,48.25,7.55, 4.3, 5.0, 99040.0, 87.0, 6000.0,100.0, 450.0,  5.0
271,  0,224,0,1,48.25,7.55,35.6, 2.0, 99000.0, 21.0,25000.0, 25.0,2600.0, 98.0
271,224,225,1,1,48.25,7.55,38.3, 5.0, 98720.0, 19.0,25000.0, 10.0,2250.0, 95.0
272,  0,169,0,1,48.25,7.55,23.6, 4.0, 98280.0, 42.0,30000.0, 40.0,1750.0,  0.0
272,169,170,1,1,48.25,7.55,20.5, 8.0, 97750.0, 61.0,30000.0, 10.0,1250.0,  0.0
273,  0, 94,1,0,48.25,7.55,18.1, 3.0, 99190.0, 38.0,20000.0, 10.0,1750.0, 21.0
274,  0, 75,1,0,48.25,7.55, 3.0, 3.0, 98700.0, 70.0, 6000.0,100.0, 800.0, 95.0
275,  0,122,0,1,48.25,7.55,13.5, 3.0, 97840.0, 84.0,14000.0,100.0, 450.0, 77.0
275,122,129,1,1,48.25,7.55,15.1, 2.0, 97610.0, 71.0,10000.0, 90.0,1250.0, 14.0
276,  0,185,0,1,48.25,7.55,26.8, 2.0, 98830.0, 39.0,50000.0, 50.0,1750.0, 87.0
276,185,186,1,1,48.25,7.55,30.4, 2.0, 98570.0, 38.0,40000.0, 60.0,1750.0, 93.0
277,  0, 76,1,0,48.25,7.55,16.1,11.0, 97520.0, 49.0,50000.0, 75.0,1750.0, 92.0
278,  0, 66,1,0,48.25,7.55, 6.4, 8.0, 97090.0, 73.0,30000.0, 90.0, 800.0, 93.0
279,  0, 80,1,0,48.25,7.55,18.3, 1.0, 98720.0, 54.0,42500.0,,6840.0, 86.0
280,  0,164,0,1,48.25,7.75,25.8, 2.0, 98540.0, 44.0,40000.0, 40.0,1750.0, 86.0
280,164,165,1,1,48.25,7.75,26.1, 2.0, 98450.0, 49.0,50000.0, 90.0,1750.0, 79.0
281,  0,130,0,1,48.25,7.75,12.7, 6.0, 98230.0, 89.0,10000.0, 90.0, 450.0, 19.0
281,130,131,1,1,48.25,7.75,18.5, 2.0, 98490.0, 54.0,30000.0, 25.0,, 11.0
282,  0,110,1,0,48.25,7.75,22.4, 3.0, 99210.0, 36.0,40000.0, 10.0,2250.0, 98.0
283,  0, 66,1,0,48.25,7.75, 5.7, 3.0, 98850.0, 46.0,15000.0, 25.0,1250.0, 29.0
284,  0, 91,0,1,48.25,7.75,11.6, 7.0, 97570.0, 71.0,58570.0, 90.0, 800.0, 78.0
284, 91, 92,1,1,48.25,7.75,11.8, 3.0, 98380.0, 67.0,52490.0,, 800.0, 86.0
285,  0,163,0,1,48.25,7.75,16.8, 4.0, 98370.0, 49.0,40280.0,100.0,5040.0, 24.0
285,163,164,1,1,48.25,7.75,19.5, 2.0, 98540.0, 36.0,42320.0,,2250.0, 32.0
286,  0,121,0,1,48.25,7.75,26.1, 2.0, 98700.0, 36.0,38880.0,,, 29.0
286,121,122,1,1,48.25,7.75,27.6, 1.0, 98430.0, 35.0,30030.0,,4020.0, 39.0
287,  0,212,0,1,48.25,7.95,21.7, 3.0, 98090.0, 57.0,45000.0, 90.0,1250.0, 44.0
287,212,213,1,1,48.25,7.95,17.3, 0.0, 98030.0, 88.0,25000.0, 90.0, 450.0, 34.0
288,  0,204,0,1,48.25,8.15,26.9, 5.0, 98690.0, 50.0,21820.0,,1250.0, 93.0
288,204,205,1,1,48.25,8.15,26.0, 4.0, 98830.0, 56.0,17060.0,,1250.0, 85.0
289,  0,224,0,1,48.25,8.15,33.1, 1.0, 98490.0, 41.0,22680.0,,, 77.0
289,224,225,1,1,48.25,8.15,35.1, 1.0, 98550.0, 32.0,20630.0,,6600.0, 66.0
290,  0,199,0,1,48.25,8.15,23.2, 2.0, 98680.0, 58.0,20840.0, 90.0, 800.0,  2.0
290,199,200,1,1,48.25,8.15,29.2, 6.0, 98330.0, 40.0,11400.0,,1750.0,  6.0
292,  0,239,0,1,48.44,7.35,20.5, 5.0, 99640.0, 70.0,15000.0, 90.0, 800.0, 18.0
292,239,240,1,1,48.44,7.35,15.1, 5.0, 99120.0, 92.0, 9000.0,100.0, 800.0, 26.0
293,  0,105,0,1,48.44,7.55,15.4, 4.0, 99960.0, 48.0,52360.0,100.0,1250.0, 86.0
293,105,122,1,1,48.44,7.55,16.2, 2.0, 99680.0, 49.0,60000.0, 75.0,1250.0, 55.0
294,  0,155,0,1,48.44,7.55,23.0, 4.0, 98710.0, 48.0,13280.0, 90.0,1250.0, 94.0
294,155,156,1,1,48.44,7.55,20.5, 3.0, 97890.0, 66.0,18370.0, 90.0,2820.0, 98.0
295,  0,115,1,0,48.44,7.55,17.8, 6.0,100320.0, 35.0,19930.0,,, 97.0
296,  0,141,0,1,48.44,7.55,23.3, 3.0, 99210.0, 54.0,18420.0,,, 95.0
296,141,142,1,1,48.44,7.55,15.9, 3.0, 99070.0, 84.0,18050.0,100.0, 450.0, 99.0
297,  0,183,0,1,48.44,7.55,35.7, 3.0, 99650.0, 32.0,28160.0,,, 55.0
297,183,184,1,1,48.44,7.55,23.0, 4.0,100690.0, 73.0,19580.0,100.0, 800.0, 64.0
298,  0,154,0,1,48.44,7.55,15.1, 5.0,100670.0, 46.0,50000.0, 90.0,2250.0, 24.0
298,154,155,1,1,48.44,7.55,20.0, 4.0,100100.0, 49.0,35000.0,,, 16.0
299,  0,150,0,1,48.44,7.55,16.7, 3.0, 99960.0, 64.0,45730.0, 90.0, 800.0, 95.0
299,150,151,1,1,48.44,7.55,22.2, 3.0, 99760.0, 50.0,33260.0, 75.0,1750.0,
300,  0,113,1,0,48.44,7.75,23.4, 2.0, 99500.0, 36.0,35000.0, 75.0,1750.0,  7.0
301,  0,116,0,1,48.44,7.75,16.1, 5.0, 99860.0, 66.0,30000.0, 90.0, 800.0, 93.0
301,116,119,1,1,48.44,7.75,23.4, 1.0,100160.0, 44.0,50000.0, 75.0,1250.0, 67.0
302,  0, 86,0,1,48.44,7.75,17.2, 4.0, 99230.0, 66.0,30000.0, 90.0,1250.0,  1.0
302, 86,110,1,1,48.44,7.75,18.9, 2.0, 99730.0, 41.0,15000.0, 10.0,1750.0, 55.0
303,  0,107,0,1,48.44,7.75,25.8, 1.0, 99900.0, 22.0,70000.0, 50.0,1750.0,  0.0
303,107,112,1,1,48.44,7.75,21.0, 2.0,100320.0, 39.0,30000.0, 40.0,8000.0, 32.0
304,  0,115,0,1,48.44,7.75,18.8, 3.0,100540.0, 45.0,20000.0, 50.0, 800.0, 87.0
304,115,118,1,1,48.44,7.75,20.0, 1.0,100110.0, 42.0,20000.0, 90.0,8000.0, 62.0
305,  0,112,0,1,48.44,7.75,20.5, 5.0,100240.0, 35.0,15000.0, 10.0,1750.0,  9.0
305,112,116,1,1,48.44,7.75,20.6, 2.0, 98950.0, 43.0,30000.0, 50.0,1250.0,  3.0
306,  0,154,0,1,48.44,7.75,18.4, 1.0,100070.0, 59.0,30000.0, 90.0,1250.0, 65.0
306,154,155,1,1,48.44,7.75,24.7, 3.0,100130.0, 40.0,30000.0, 10.0,1250.0, 56.0
307,  0,112,1,0,48.44,7.75,23.2, 3.0, 99130.0, 35.0,19000.0,,, 77.0
308,  0,120,0,1,48.44,7.75,24.3, 2.0, 99050.0, 37.0,60000.0,,, 52.0
308,120,121,1,1,48.44,7.75,20.4, 6.0, 99420.0, 60.0,50000.0, 75.0,, 63.0
309,  0,115,0,1,48.44,7.75,24.2, 1.0,100560.0, 34.0,45000.0,,,100.0
309,115,116,1,1,48.44,7.75,18.6, 3.0, 99310.0, 55.0,35000.0,100.0,1750.0, 99.0
310,  0,121,0,1,48.44,7.75,13.8, 4.0, 99460.0, 88.0,14000.0,100.0, 450.0, 10.0
310,121,124,1,1,48.44,7.75,14.7, 4.0,100390.0, 38.0,40000.0,,, 33.0
311,  0,115,1,0,48.44,7.75,16.2, 2.0, 99370.0, 78.0,18280.0,100.0,1250.0, 43.0
312,  0,106,0,1,48.44,7.75,12.7, 5.0, 99150.0, 83.0,11500.0,100.0, 450.0, 63.0
312,106,121,1,1,48.44,7.75,15.7, 4.0, 99680.0, 42.0,47060.0, 90.0,1250.0, 45.0
313,  0,105,0,1,48.44,7.75,15.4, 4.0, 99960.0, 48.0,52360.0,100.0,1250.0, 86.0
313,105,120,1,1,48.44,7.75,18.9, 1.0, 99170.0, 29.0,46750.0,, 250.0, 24.0
314,  0,120,0,1,48.44,7.75,17.3,10.0, 98820.0, 40.0,28620.0, 90.0,1750.0,100.0
314,120,121,1,1,48.44,7.75,12.6, 1.0, 99790.0, 53.0,19880.0, 90.0,1250.0, 95.0
315,  0,116,0,1,48.44,7.75,11.6, 4.0, 99880.0, 79.0,51670.0,, 450.0, 57.0
315,116,117,1,1,48.44,7.75,13.7, 7.0, 99770.0, 69.0,19760.0,100.0, 800.0, 47.0
316,  0,151,0,1,48.44,7.75,22.1, 6.0,100210.0, 33.0,30710.0,,2250.0, 69.0
316,151,152,1,1,48.44,7.75,21.2, 5.0,100100.0, 38.0,24780.0,,,
317,  0,117,1,0,48.44,7.75,17.0, 3.0, 98940.0, 32.0,49430.0,,,100.0
318,  0,106,0,1,48.44,7.75,12.0, 3.0, 99130.0, 79.0,57160.0,100.0,1250.0, 90.0
318,106,109,1,1,48.44,7.75,15.0, 0.0, 99060.0, 59.0,41790.0,,3000.0, 66.0
319,  0,177,0,1,48.44,7.95,27.7, 7.0, 99870.0, 45.0,22570.0, 75.0,1750.0,  2.0
319,177,178,1,1,48.44,7.95,26.0, 2.0,100590.0, 58.0,29440.0,100.0,1250.0,  6.0
320,  0,358,0,1,48.44,7.95,13.6, 3.0,100630.0, 65.0,20800.0,,,
320,358,365,1,1,48.44,7.95, 7.0, 1.0,100650.0, 90.0, 9110.0,100.0,1250.0,
321,  0, 54,1,0,48.44,7.95, 0.6, 7.0, 99790.0, 60.0,14090.0, 90.0,1250.0, 32.0
322,  0,199,0,1,48.44,7.95,23.7, 1.0, 99990.0, 52.0,36010.0,,5100.0,  2.0
322,199,200,1,1,48.44,7.95,27.6, 7.0, 99620.0, 42.0,37370.0,,2520.0,  6.0
323,  0,194,0,1,48.44,8.15,26.3, 3.0,100100.0, 37.0,34570.0, 75.0,2250.0, 10.0
323,194,195,1,1,48.44,8.15,27.0, 2.0, 99720.0, 35.0,41590.0, 75.0,4800.0,  5.0
324,  0,192,0,1,48.62,6.95,23.9, 2.0, 99720.0, 53.0,57040.0,,1250.0, 89.0
324,192,193,1,1,48.62,6.95,21.9, 7.0, 99530.0, 76.0,49060.0,100.0, 800.0, 82.0
325,  0,192,0,1,48.62,6.95,21.1, 5.0, 99930.0, 49.0,27810.0, 75.0,1250.0,  0.0
325,192,197,1,1,48.62,6.95,28.0, 1.0, 99480.0, 42.0,19770.0,,, 27.0
326,  0,132,0,1,48.62,6.95,12.4, 4.0,101350.0, 58.0,33030.0, 75.0,1250.0, 70.0
326,132,133,1,1,48.62,6.95,16.2, 9.0,101520.0, 36.0,23230.0,,, 79.0
327,  0,130,0,1,48.62,6.95,20.8, 4.0,100660.0, 49.0,29270.0,,1750.0,  7.0
327,130,131,1,1,48.62,6.95,23.3, 3.0,100330.0, 39.0,19930.0,,, 13.0
328,  0,190,0,1,48.62,6.95,18.7, 3.0,100490.0, 55.0,37350.0,100.0,1250.0,100.0
328,190,191,1,1,48.62,6.95,24.8, 3.0,100380.0, 39.0,14780.0,,1750.0, 99.0
329,  0,188,0,1,48.62,7.35,32.1, 5.0, 99880.0, 45.0,17330.0, 90.0,1750.0, 99.0
329,188,189,1,1,48.62,7.35,31.0, 2.0, 99790.0, 49.0,31480.0, 75.0,1750.0,100.0
330,  0,204,0,1,48.62,7.35,28.3, 1.0,100070.0, 46.0,21120.0,,1750.0, 17.0
330,204,205,1,1,48.62,7.35,30.5, 2.0,100100.0, 34.0,31820.0,,, 10.0
336,  0,161,0,1,48.62,7.55,25.7, 1.0,100360.0, 61.0,15000.0, 50.0,1250.0, 37.0
336,161,162,1,1,48.62,7.55,28.2, 2.0,100360.0, 56.0,20000.0, 50.0,1250.0, 28.0
337,  0,231,0,1,48.62,7.55,26.8, 2.0, 99890.0, 52.0,10000.0, 10.0,1250.0, 93.0
337,231,232,1,1,48.62,7.55,28.6, 1.0, 99930.0, 45.0,10000.0, 25.0,1250.0, 85.0
338,  0,171,0,1,48.62,7.55,20.3, 1.0,100300.0, 47.0,15000.0, 40.0,1250.0,  1.0
338,171,172,1,1,48.62,7.55,24.9, 4.0, 99580.0, 51.0,20000.0, 60.0,1750.0,  0.0
339,  0,162,0,1,48.62,7.55,17.8, 3.0,100020.0, 60.0,30000.0, 90.0, 800.0,  0.0
339,162,163,1,1,48.62,7.55,23.6, 4.0,100050.0, 52.0,30000.0, 60.0,1250.0,  3.0
340,  0,162,0,1,48.62,7.55,28.9, 2.0,100240.0, 42.0,20000.0, 75.0,1250.0, 89.0
340,162,167,1,1,48.62,7.55,27.0, 4.0, 99610.0, 47.0,18000.0, 40.0,1750.0, 94.0
341,  0,166,0,1,48.62,7.55,23.9, 2.0,100140.0, 50.0,15000.0, 25.0,1250.0, 54.0
341,166,167,1,1,48.62,7.55,23.7, 1.0,100630.0, 56.0,25000.0, 90.0,1250.0, 64.0
342,  0,157,0,1,48.62,7.55,17.3, 5.0,100780.0, 43.0,30000.0, 50.0,1750.0, 72.0
342,157,158,1,1,48.62,7.55,20.0, 3.0,100820.0, 40.0,30000.0, 10.0,1750.0, 80.0
343,  0,176,0,1,48.62,7.55,18.7, 8.0, 98920.0, 72.0,15000.0, 90.0,1250.0, 75.0
343,176,177,1,1,48.62,7.55,14.9, 7.0, 98960.0, 86.0,15000.0, 90.0, 800.0, 83.0
344,  0,178,0,1,48.62,7.55,26.1, 2.0, 98950.0, 64.0,50490.0, 90.0, 800.0, 16.0
344,178,179,1,1,48.62,7.55,22.9, 3.0, 98300.0, 58.0,59340.0, 90.0,1250.0, 25.0
345,  0,194,0,1,48.62,7.55,16.6, 4.0, 99390.0, 94.0,18970.0,100.0, 250.0, 22.0
345,194,195,1,1,48.62,7.55,19.9, 3.0, 99480.0, 68.0,55920.0, 90.0,1250.0, 32.0
346,  0,195,0,1,48.62,7.55,35.1, 5.0, 99820.0, 25.0,29300.0,,3060.0, 95.0
346,195,196,1,1,48.62,7.55,26.0, 4.0,100240.0, 33.0,28190.0,,, 88.0
347,  0,180,0,1,48.62,7.55,28.2, 1.0, 99680.0, 38.0,29720.0,,5580.0, 81.0
347,180,181,1,1,48.62,7.55,20.7, 3.0, 99540.0, 86.0, 9600.0,100.0, 450.0, 89.0
348,  0, 47,1,0,48.62,7.55,16.2, 2.0,100060.0, 64.0,46160.0,100.0, 250.0, 38.0
349,  0,207,0,1,48.62,7.55,25.4, 1.0, 99740.0, 58.0,32680.0, 75.0,1250.0,  8.0
349,207,208,1,1,48.62,7.55,25.4, 4.0, 99500.0, 62.0,27010.0,,1250.0, 14.0
357,  0, 91,1,0,48.62,7.75,17.1, 2.0,100320.0, 43.0,25000.0, 10.0,1250.0, 40.0
358,  0,130,0,1,48.62,7.75,20.9, 4.0, 99770.0, 46.0,30000.0, 90.0,1750.0, 20.0
358,130,131,1,1,48.62,7.75,14.7, 3.0, 99760.0, 93.0, 6000.0,100.0, 250.0, 12.0
359,  0, 94,1,0,48.62,7.75,15.4, 2.0, 97380.0, 54.0,20000.0, 90.0,3500.0,  2.0
360,  0,244,0,1,48.62,7.75,17.7, 4.0, 99860.0, 66.0,20000.0, 75.0, 800.0, 98.0
360,244,245,1,1,48.62,7.75,19.6, 1.0,100020.0, 55.0,40000.0, 90.0,1250.0,100.0
361,  0,161,0,1,48.62,7.75,16.2, 6.0, 99820.0, 54.0,25000.0, 90.0,1250.0,  0.0
361,161,162,1,1,48.62,7.75,17.8, 3.0,100020.0, 60.0,30000.0, 90.0, 800.0,  0.0
362,  0, 65,1,0,48.62,7.75, 9.2, 2.0, 99490.0, 91.0,12000.0,100.0, 800.0, 15.0
363,  0,138,0,1,48.62,7.75,22.8, 2.0,100570.0, 32.0,40000.0, 10.0,8000.0,  1.0
363,138,141,1,1,48.62,7.75,25.5, 3.0, 99940.0, 42.0,10000.0, 10.0,1750.0,  4.0
364,  0,157,0,1,48.62,7.75,16.3, 2.0,100230.0, 82.0, 8000.0,100.0, 800.0,  0.0
364,157,158,1,1,48.62,7.75,14.3, 5.0,101310.0, 44.0,30000.0, 90.0,1750.0,  0.0
365,  0, 25,1,0,48.62,7.75,-1.4, 1.0,100180.0, 76.0, 5000.0, 60.0,1250.0, 13.0
366,  0,166,0,1,48.62,7.75,20.5, 3.0, 98870.0, 71.0,15000.0, 90.0, 800.0,  0.0
366,166,167,1,1,48.62,7.75,19.8, 8.0, 99280.0, 63.0,15000.0, 75.0,1250.0,  3.0
367,  0, 60,1,0,48.62,7.75, 2.8, 4.0,100510.0, 81.0,10000.0,100.0, 450.0, 74.0
368,  0,319,0,1,48.62,7.75,12.2, 1.0, 98600.0, 92.0,14000.0,100.0,2250.0, 46.0
368,319,347,1,1,48.62,7.75, 9.7, 4.0, 99330.0, 76.0,47610.0,100.0,,
369,  0,187,0,1,48.62,7.75,32.1, 1.0, 99950.0, 40.0, 5050.0,,, 97.0
369,187,188,1,1,48.62,7.75,32.1, 5.0, 99880.0, 45.0,17330.0, 90.0,1750.0, 99.0
370,  0, 56,1,0,48.62,7.75, 0.3, 8.0,100430.0, 36.0,11120.0,,, 54.0
371,  0,116,0,1,48.62,7.75,11.6, 4.0, 99880.0, 79.0,51670.0,, 450.0, 57.0
371,116,123,1,1,48.62,7.75,14.8, 3.0, 99470.0, 49.0,35390.0, 90.0,1250.0,  0.0
372,  0,202,0,1,48.62,7.75,20.1, 6.0, 99550.0, 60.0,30760.0, 90.0, 800.0, 18.0
372,202,203,1,1,48.62,7.75,25.8, 4.0, 99780.0, 36.0,50280.0,,2250.0, 26.0
373,  0, 92,0,1,48.62,7.75, 9.7, 5.0, 98580.0, 74.0,40980.0, 90.0, 800.0, 55.0
373, 92, 93,1,1,48.62,7.75,13.0, 6.0, 99630.0, 62.0,54240.0,100.0, 450.0, 44.0
374,  0,124,0,1,48.62,7.75,11.4, 6.0, 99400.0, 74.0,33300.0,100.0,1250.0, 58.0
374,124,125,1,1,48.62,7.75,15.2, 9.0, 99430.0, 45.0,20820.0,,1750.0, 68.0
375,  0, 99,0,1,48.62,7.95,10.9, 1.0, 99270.0, 92.0, 7220.0,100.0, 250.0, 18.0
375, 99,113,1,1,48.62,7.95,20.1, 1.0, 98060.0, 43.0,19660.0,,3420.0, 83.0
376,  0,206,0,1,48.62,7.95,26.5, 1.0, 99530.0, 37.0,45000.0,,2250.0, 31.0
376,206,207,1,1,48.62,7.95,26.4, 1.0, 99640.0, 46.0,23570.0,100.0,1750.0, 42.0
377,  0,119,0,1,48.62,7.95,20.0, 1.0,100660.0, 36.0,15720.0,,4740.0,  2.0
377,119,120,1,1,48.62,7.95,15.9, 6.0,100500.0, 65.0,10050.0, 75.0, 800.0,  0.0
378,  0,134,0,1,48.62,7.95,20.5, 4.0, 99680.0, 50.0,28580.0,,1250.0, 18.0
378,134,135,1,1,48.62,7.95,19.4, 1.0, 99430.0, 55.0,32770.0, 75.0,  30.0, 10.0
379,  0,150,0,1,48.62,7.95,16.7, 4.0, 99690.0, 78.0,31070.0,100.0, 800.0, 49.0
379,150,151,1,1,48.62,7.95,20.8, 5.0, 98880.0, 56.0,42060.0, 90.0,1250.0, 38.0
380,  0, 25,1,0,48.62,7.95,15.3, 2.0, 99050.0, 59.0,52740.0,100.0, 250.0, 12.0
381,  0,203,0,1,48.81,6.95,26.4, 2.0, 99600.0, 59.0,59050.0,,1750.0,  0.0
381,203,204,1,1,48.81,6.95,22.1, 6.0,100000.0, 45.0,49700.0,100.0,1750.0,  2.0
382,  0,168,0,1,48.81,6.95,26.0, 3.0,100670.0, 44.0,18910.0,,, 62.0
382,168,169,1,1,48.81,6.95,28.4, 1.0,100500.0, 42.0,19990.0,,, 50.0
383,  0, 86,0,1,48.81,6.95,17.2, 4.0, 99230.0, 66.0,30000.0, 90.0,1250.0,  1.0
383, 86,115,1,1,48.81,6.95,20.0, 2.0,100010.0, 64.0,18000.0, 90.0, 800.0,  6.0
384,  0,137,0,1,48.81,6.95,14.4, 1.0, 99140.0, 86.0, 7000.0, 90.0, 150.0,  5.0
384,137,138,1,1,48.81,6.95,18.5, 2.0,100080.0, 52.0,15000.0, 60.0, 800.0, 10.0
385,  0,105,1,0,48.81,6.95,22.9, 1.0, 98930.0, 33.0,12000.0, 25.0,1750.0, 71.0
386,  0, 90,1,0,48.81,6.95,15.0, 4.0,100230.0, 51.0,16000.0, 75.0,1250.0, 56.0
387,  0,226,0,1,48.81,7.15,26.5, 2.0,100070.0, 59.0,19990.0,,, 42.0
387,226,227,1,1,48.81,7.15,30.0, 3.0, 99990.0, 46.0,40000.0, 90.0,1750.0, 31.0
388,  0, 86,0,1,48.81,7.15,17.2, 4.0, 99230.0, 66.0,30000.0, 90.0,1250.0,  1.0
388, 86,114,1,1,48.81,7.15,20.4, 2.0, 99860.0, 33.0,15000.0, 75.0,1750.0, 13.0
389,  0,153,0,1,48.81,7.35,23.2, 3.0, 99950.0, 65.0,27180.0,100.0,1250.0, 60.0
389,153,154,1,1,48.81,7.35,21.2, 3.0, 99570.0, 70.0,  680.0,100.0, 450.0, 69.0
390,  0,211,0,1,48.81,7.35,26.0, 1.0,100200.0, 36.0,56410.0,,, 83.0
390,211,212,1,1,48.81,7.35,29.7, 2.0,100120.0, 25.0,39600.0,,, 90.0
391,  0,194,0,1,48.81,7.35,26.0, 7.0, 99320.0, 56.0,36220.0,,1250.0, 44.0
391,194,195,1,1,48.81,7.35,21.5, 2.0, 99650.0, 57.0,39350.0,,1250.0, 54.0
392,  0,102,1,0,48.81,7.35,22.1, 1.0, 99350.0, 32.0,32030.0,,, 99.0
395,  0, 98,1,0,48.81,7.35,16.5, 2.0,100130.0, 43.0,10000.0, 25.0,1750.0, 84.0
397,  0,148,0,1,48.81,7.35,15.1, 7.0, 99950.0, 72.0,20000.0, 75.0, 800.0, 30.0
397,148,153,1,1,48.81,7.35,22.2, 3.0,100470.0, 57.0,25000.0, 40.0,1750.0,  1.0
398,  0,150,0,1,48.81,7.35,19.6, 2.0,100570.0, 39.0,40000.0, 40.0,1750.0, 75.0
398,150,151,1,1,48.81,7.35,22.4, 3.0,100680.0, 38.0,40000.0, 25.0,1750.0,
399,  0, 35,1,0,48.81,7.35, 2.1, 2.0, 97750.0, 87.0,15000.0, 90.0, 450.0,  1.0
400,  0,138,0,1,48.81,7.35,22.8, 2.0,100570.0, 32.0,40000.0, 10.0,8000.0,  1.0
400,138,141,1,1,48.81,7.35,25.5, 3.0, 99940.0, 42.0,10000.0, 10.0,1750.0,  4.0
401,  0,135,0,1,48.81,7.35,13.5, 4.0, 99850.0, 73.0,12000.0, 90.0, 800.0, 50.0
401,135,136,1,1,48.81,7.35,14.8, 0.0, 99440.0, 63.0, 8000.0, 90.0,1750.0, 59.0
402,  0,148,0,1,48.81,7.35,17.3, 3.0,100240.0, 74.0,30000.0, 90.0, 800.0,  6.0
402,148,154,1,1,48.81,7.35,18.1, 4.0,100830.0, 46.0,30000.0, 40.0,1250.0, 44.0
403,  0,221,0,1,48.81,7.35,14.9, 2.0, 99430.0, 87.0, 5000.0,100.0, 800.0,  6.0
403,221,222,1,1,48.81,7.35,17.3, 2.0, 99550.0, 79.0,30000.0,100.0, 450.0,  2.0
404,  0, 42,1,0,48.81,7.35, 9.3, 4.0,101450.0, 58.0,10000.0,  0.0,, 14.0
405,  0,175,0,1,48.81,7.55,27.6, 5.0, 99970.0, 43.0,24550.0,,1750.0,  1.0
405,175,176,1,1,48.81,7.55,24.9, 5.0, 99780.0, 44.0,47880.0, 90.0,1750.0,  4.0
406,  0,194,0,1,48.81,7.55,16.6, 4.0, 99390.0, 94.0,18970.0,100.0, 250.0, 22.0
406,194,195,1,1,48.81,7.55,19.9, 3.0, 99480.0, 68.0,55920.0, 90.0,1250.0, 32.0
407,  0,214,0,1,48.81,7.55,22.3, 5.0, 98130.0, 72.0,39040.0,100.0,1250.0, 94.0
407,214,215,1,1,48.81,7.55,20.2, 8.0, 99020.0, 62.0,19230.0,100.0,1250.0, 88.0
409,  0,172,0,1,48.81,7.55,28.4, 4.0,100250.0, 42.0,28640.0,,6540.0, 18.0
409,172,173,1,1,48.81,7.55,32.0, 3.0, 99930.0, 36.0,17800.0,,, 10.0
410,  0,211,0,1,48.81,7.55,17.9, 4.0, 99300.0, 88.0, 4500.0,100.0, 800.0, 48.0
410,211,212,1,1,48.81,7.55,23.3, 2.0, 99820.0, 40.0,25000.0, 90.0,1750.0, 58.0
411,  0,155,0,1,48.81,7.55,26.5, 2.0, 99010.0, 42.0,25000.0, 25.0,1750.0, 38.0
411,155,156,1,1,48.81,7.55,22.1, 2.0, 98060.0, 68.0,12000.0, 90.0,1250.0, 29.0
412,  0, 73,1,0,48.81,7.55, 7.7, 8.0,101160.0, 40.0,50000.0, 10.0,1750.0, 89.0
413,  0,155,0,1,48.81,7.55,18.8, 5.0,100530.0, 69.0,15000.0, 75.0, 800.0, 99.0
413,155,156,1,1,48.81,7.55,18.0, 4.0,100280.0, 70.0,10000.0,100.0, 800.0, 96.0
414,  0,126,0,1,48.81,7.55,13.3, 7.0, 99870.0, 73.0,12000.0, 90.0, 800.0,  1.0
414,126,135,1,1,48.81,7.55,13.5, 4.0, 99850.0, 73.0,12000.0, 90.0, 800.0, 50.0
415,  0,158,0,1,48.81,7.55,20.0, 3.0,100820.0, 40.0,30000.0, 10.0,1750.0, 80.0
415,158,159,1,1,48.81,7.55,22.4, 3.0,100780.0, 36.0,40000.0, 40.0,2250.0, 88.0
416,  0, 88,1,0,48.81,7.75, 9.5, 5.0, 99320.0, 63.0,12000.0, 75.0, 800.0, 39.0
417,  0,211,0,1,48.81,7.75,19.6, 2.0,100090.0, 72.0,33900.0, 90.0, 800.0, 38.0
417,211,212,1,1,48.81,7.75,23.9, 2.0,100010.0, 54.0,14450.0,100.0, 250.0, 48.0
418,  0,175,0,1,48.81,7.75,23.8, 8.0, 99070.0, 49.0,35000.0,100.0,1750.0, 28.0
418,175,176,1,1,48.81,7.75,20.6, 8.0, 99620.0, 36.0,40000.0, 50.0,1750.0, 38.0
419,  0,187,0,1,48.81,7.75,32.1, 1.0, 99950.0, 40.0, 5050.0,,, 97.0
419,187,188,1,1,48.81,7.75,32.1, 5.0, 99880.0, 45.0,17330.0, 90.0,1750.0, 99.0
420,  0,257,0,1,48.81,7.95,13.2, 7.0, 99390.0, 81.0,25820.0,100.0, 450.0, 34.0
420,257,266,1,1,48.81,7.95,20.4, 3.0,100390.0, 57.0,16400.0,,, 10.0
428,  0,285,0,1,48.81,7.95,11.6, 6.0, 98600.0, 70.0,25000.0, 50.0, 800.0, 91.0
428,285,289,1,1,48.81,7.95,10.2, 2.0, 99730.0, 92.0, 9000.0,100.0, 150.0, 97.0
429,  0,223,0,1,48.81,7.95,34.5, 2.0, 99980.0, 36.0,15000.0, 10.0,1750.0, 73.0
429,223,224,1,1,48.81,7.95,33.8, 2.0, 99630.0, 40.0,15000.0, 90.0,1750.0, 62.0
430,  0,203,0,1,48.81,7.95,18.9, 3.0, 99970.0, 55.0,35000.0, 75.0,1250.0, 77.0
430,203,204,1,1,48.81,7.95,17.5, 6.0,100470.0, 51.0,25000.0,100.0,1250.0, 84.0
433,  0,121,0,1,48.81,7.95,12.0, 4.0, 99360.0, 84.0,20000.0, 90.0, 450.0, 69.0
433,121,122,1,1,48.81,7.95,11.4, 4.0, 99250.0, 88.0,12000.0,100.0, 450.0, 60.0
435,  0, 69,1,0,48.81,7.95, 5.7, 2.0,101100.0, 65.0,15000.0, 90.0, 800.0,  2.0
436,  0,187,0,1,48.81,8.15,32.1, 1.0, 99950.0, 40.0, 5050.0,,, 97.0
436,187,188,1,1,48.81,8.15,32.1, 5.0, 99880.0, 45.0,17330.0, 90.0,1750.0, 99.0
437,  0,200,0,1,48.81,8.15,27.6, 7.0, 99620.0, 42.0,37370.0,,2520.0,  6.0
437,200,201,1,1,48.81,8.15,26.5, 4.0, 99720.0, 36.0,29270.0,,2250.0, 11.0
438,  0,122,0,1,48.81,8.15,28.1, 2.0, 99790.0, 38.0, 8960.0,,, 39.0
438,122,123,1,1,48.81,8.15,23.9, 3.0, 99350.0, 56.0,19680.0, 75.0,1750.0, 49.0
439,  0,166,0,1,48.81,8.15,21.7, 6.0,100920.0, 56.0,12000.0, 75.0, 800.0, 11.0
439,166,167,1,1,48.81,8.15,23.5, 2.0,100160.0, 49.0,25000.0, 50.0,1750.0,  6.0
440,  0,171,0,1,48.81,8.15,30.8, 2.0, 99780.0, 29.0,40000.0,  0.0,, 97.0
440,171,172,1,1,48.81,8.15,32.8, 2.0, 99850.0, 35.0,40000.0, 75.0,1750.0, 99.0
441,  0,172,0,1,48.81,8.15,25.4, 5.0, 99710.0, 56.0,20000.0, 90.0,1250.0, 18.0
441,172,173,1,1,48.81,8.15,18.6, 5.0, 99800.0, 77.0,30000.0,100.0,1250.0, 10.0
442,  0,117,0,1,48.81,8.15,16.0, 2.0, 98830.0, 50.0,30000.0, 90.0,1250.0,  9.0
442,117,121,1,1,48.81,8.15,19.2, 3.0,100360.0, 53.0,12000.0, 50.0, 800.0, 60.0
443,  0,120,0,1,48.81,8.15,16.1, 3.0, 99560.0, 86.0,20000.0, 90.0, 800.0, 96.0
443,120,121,1,1,48.81,8.15,17.0, 1.0, 99360.0, 62.0,20000.0, 90.0, 800.0, 84.0
444,  0,121,0,1,48.81,8.15,19.5, 4.0, 98940.0, 53.0,18000.0,,1250.0,  1.0
444,121,122,1,1,48.81,8.15,19.7, 4.0, 98740.0, 41.0,19000.0, 75.0,,  0.0
445,  0,123,0,1,48.81,8.15,18.0, 7.0, 99610.0, 65.0,40000.0,,1250.0, 91.0
445,123,124,1,1,48.81,8.15,19.0, 2.0, 99480.0, 44.0,55000.0,,1750.0, 97.0
446,  0,121,0,1,48.81,8.15,16.0, 5.0,100000.0, 78.0, 7000.0,100.0, 450.0, 48.0
446,121,122,1,1,48.81,8.15,19.7, 4.0, 99990.0, 62.0,15000.0, 75.0, 800.0, 37.0
447,  0,121,0,1,48.81,8.15,13.8, 4.0, 99460.0, 88.0,14000.0,100.0, 450.0, 10.0
447,121,124,1,1,48.81,8.15,14.7, 4.0,100390.0, 38.0,40000.0,,, 33.0
448,  0,117,1,0,48.81,8.15,17.7, 2.0, 98420.0, 71.0,56980.0,100.0, 800.0, 62.0
449,  0, 99,0,1,49.00,6.95,10.9, 1.0, 99270.0, 92.0, 7220.0,100.0, 250.0, 18.0
449, 99,113,1,1,49.00,6.95,20.1, 1.0, 98060.0, 43.0,19660.0,,3420.0, 83.0
450,  0,114,0,1,49.00,6.95,21.9, 2.0,100030.0, 27.0,40380.0,,,  0.0
450,114,115,1,1,49.00,6.95,24.5, 6.0, 99520.0, 26.0,12330.0,,,  2.0
451,  0,112,1,0,49.00,6.95,15.1, 4.0,100460.0, 40.0,33280.0,,6900.0, 73.0
452,  0,122,0,1,49.00,6.95,28.1, 2.0, 99790.0, 38.0, 8960.0,,, 39.0
452,122,123,1,1,49.00,6.95,23.9, 3.0, 99350.0, 56.0,19680.0, 75.0,1750.0, 49.0
453,  0,126,0,1,49.00,6.95,23.1, 4.0, 99970.0, 27.0,20000.0, 90.0,1750.0, 69.0
453,126,127,1,1,49.00,6.95,22.0, 2.0, 99870.0, 37.0,12000.0, 60.0,2250.0, 78.0
454,  0,151,0,1,49.00,6.95,20.1, 2.0, 99410.0, 53.0,20000.0, 90.0,1250.0,
454,151,152,1,1,49.00,6.95,14.6, 1.0, 99720.0, 83.0,10000.0,100.0, 800.0,100.0
455,  0, 67,1,0,49.00,6.95, 9.3, 4.0,100590.0, 48.0, 8000.0,,,100.0
456,  0,206,0,1,49.00,7.15,17.3, 3.0, 99420.0, 72.0,46690.0,100.0, 800.0, 12.0
456,206,207,1,1,49.00,7.15,20.2, 5.0, 99500.0, 62.0,54290.0, 90.0, 800.0, 20.0
457,  0,136,0,1,49.00,7.15,15.8, 3.0, 99610.0, 49.0,29370.0,,1250.0, 98.0
457,136,137,1,1,49.00,7.15,19.4, 2.0, 98750.0, 45.0,20390.0,,2250.0,100.0
458,  0,284,0,1,49.00,7.35,18.9, 1.0,100240.0, 61.0,49230.0, 75.0,1250.0, 49.0
458,284,285,1,1,49.00,7.35,18.8, 5.0,100780.0, 62.0,32110.0,100.0,1250.0, 38.0
459,  0,168,0,1,49.00,7.55,22.0, 3.0,100880.0, 50.0,41670.0,100.0,1250.0, 48.0
459,168,169,1,1,49.00,7.55,25.7, 5.0,100450.0, 46.0,34010.0,,, 37.0
460,  0,175,0,1,49.00,7.55,22.6, 3.0,100110.0, 59.0,28190.0,,2250.0, 97.0
460,175,176,1,1,49.00,7.55,26.8, 8.0, 99870.0, 51.0,15340.0,,, 91.0
461,  0,114,1,0,49.00,7.55,22.4, 2.0, 99120.0, 42.0,40000.0, 90.0,2250.0, 81.0
462,  0,166,0,1,49.00,7.55,21.7, 6.0,100920.0, 56.0,12000.0, 75.0, 800.0, 11.0
462,166,167,1,1,49.00,7.55,23.5, 2.0,100160.0, 49.0,25000.0, 50.0,1750.0,  6.0
463,  0,164,0,1,49.00,7.55,25.3, 2.0, 99140.0, 52.0,15000.0, 60.0,1250.0,  3.0
463,164,165,1,1,49.00,7.55,28.8, 3.0, 98790.0, 48.0,20000.0, 90.0,1250.0,  0.0
464,  0,205,0,1,49.00,7.75,20.5, 3.0, 99680.0, 79.0,38050.0,, 800.0,  1.0
464,205,206,1,1,49.00,7.75,23.1, 2.0, 99890.0, 66.0,37060.0, 90.0,3300.0,  3.0
465,  0, -7,0,1,49.00,7.95,13.6, 3.0,100630.0, 65.0,20800.0,,,
465, -7, 14,1,1,49.00,7.95, 4.5, 4.0, 99060.0, 67.0,38160.0, 90.0,3480.0, 35.0
466,  0, 34,1,0,49.00,7.95,10.3, 4.0, 99000.0, 82.0,45310.0,100.0,1250.0, 23.0
467,  0, 49,1,0,49.00,7.95, 1.1, 2.0,100870.0, 91.0, 5310.0,100.0, 150.0,  0.0
468,  0, 46,1,0,49.00,7.95, 9.2, 1.0,101450.0, 62.0,10020.0,,, 56.0
469,  0, 64,1,0,49.00,7.95, 9.1, 3.0, 99660.0, 65.0,30990.0, 75.0,1250.0, 77.0
470,  0, 42,1,0,49.00,7.95,-3.8, 3.0,100910.0, 65.0,10360.0,,,  6.0
471,  0, 68,1,0,49.00,7.95,10.7, 1.0,100600.0, 35.0,11840.0,,, 47.0
472,  0, -6,0,1,49.00,7.95,14.5, 3.0, 99690.0, 77.0,21020.0,,5580.0,
472, -6, 10,1,1,49.00,7.95, 8.4, 3.0,100660.0, 69.0,22880.0,,1250.0, 84.0
473,  0, 56,1,0,49.00,7.95,10.7, 5.0, 98650.0, 54.0,48840.0,,1250.0,100.0
474,  0, 52,1,0,49.00,7.95,15.7, 4.0,100450.0, 62.0,13400.0,, 250.0, 64.0
475,  0,195,0,1,49.00,7.95,18.7, 4.0,100090.0, 46.0,40000.0,100.0,1750.0,100.0
475,195,196,1,1,49.00,7.95,19.8, 3.0,100330.0, 50.0,50000.0,,1250.0, 98.0
477,  0, 63,1,0,49.00,7.95, 7.1, 1.0,100030.0, 61.0, 9000.0,,, 41.0
478,  0,  9,1,0,49.00,7.95,13.4, 5.0, 99460.0, 58.0,45000.0,,, 71.0
479,  0, 27,1,0,49.00,7.95, 5.3, 4.0,100680.0, 71.0,42610.0, 90.0,, 63.0
484,  0,116,0,1,49.00,8.15,16.1, 5.0, 99860.0, 66.0,30000.0, 90.0, 800.0, 93.0
484,116,121,1,1,49.00,8.15,28.5, 2.0, 99480.0, 25.0,40000.0, 10.0,1750.0, 34.0
486,  0, 53,1,0,49.00,8.15,14.0, 5.0,101030.0, 68.0,19000.0, 90.0,1250.0,100.0
487,  0,152,0,1,49.00,8.15,22.6, 8.0, 99970.0, 47.0,20000.0, 60.0,1250.0, 66.0
487,152,153,1,1,49.00,8.15,25.2, 3.0, 99890.0, 38.0,20000.0, 40.0,1750.0, 75.0
488,  0,120,0,1,49.00,8.15,16.1, 3.0, 99560.0, 86.0,20000.0, 90.0, 800.0, 96.0
488,120,121,1,1,49.00,8.15,17.0, 1.0, 99360.0, 62.0,20000.0, 90.0, 800.0, 84.0
489,  0, 55,1,0,49.00,8.15, 3.5, 3.0,100760.0, 85.0, 4600.0,100.0, 450.0, 76.0
490,  0,  2,1,0,49.00,8.15,10.1, 6.0, 99470.0, 72.0,60000.0,100.0, 800.0, 67.0
491,  0,102,0,1,49.00,8.15,16.6, 8.0, 98930.0, 45.0,60000.0,, 800.0,  4.0
491,102,103,1,1,49.00,8.15,15.5, 3.0,100350.0, 40.0,55000.0, 90.0,1750.0,  8.0
492,  0, 73,1,0,49.00,8.15,17.0, 1.0,100760.0, 41.0, 8000.0,,, 98.0
493,  0, 77,1,0,49.00,8.15,16.5, 2.0,100590.0, 48.0,10370.0,,,  1.0
494,  0, 54,0,1,49.00,8.15, 4.6, 5.0, 99540.0, 87.0,18060.0,100.0, 450.0,100.0
494, 54, 55,1,1,49.00,8.15, 6.0, 2.0,100030.0, 66.0,21120.0, 90.0, 800.0,100.0
495,  0,105,0,1,49.00,8.15,15.4, 4.0, 99960.0, 48.0,52360.0,100.0,1250.0, 86.0
495,105,122,1,1,49.00,8.15,16.2, 2.0, 99680.0, 49.0,60000.0, 75.0,1250.0, 55.0
496,  0,  2,1,0,49.00,8.15, 8.7, 3.0, 99940.0, 63.0,47000.0,,, 97.0
497,  0, 99,0,1,49.00,8.15,10.9, 1.0, 99270.0, 92.0, 7220.0,100.0, 250.0, 18.0
497, 99,113,1,1,49.00,8.15,20.1, 1.0, 98060.0, 43.0,19660.0,,3420.0, 83.0
498,  0, 33,0,1,49.00,8.15,12.5, 6.0, 99420.0, 91.0,58500.0,100.0, 800.0, 42.0
498, 33, 38,1,1,49.00,8.15, 0.0, 0.0,100940.0,100.0,  760.0,101.0,  30.0, 89.0
499,  0,113,1,0,49.00,8.15,17.1, 4.0,100790.0, 31.0,30400.0,,6900.0, 83.0
500,  0, 44,1,0,49.00,8.15,10.8, 5.0, 99980.0, 51.0,17020.0,,, 73.0
501,  0, 58,1,0,49.00,8.15, 5.4,10.0,100480.0, 46.0,15050.0,,, 30.0
502,  0, 47,1,0,49.00,8.15,16.2, 2.0,100060.0, 64.0,46160.0,100.0, 250.0, 38.0
503,  0, 60,1,0,49.00,8.15, 5.2, 7.0,101110.0, 80.0,10280.0, 90.0, 450.0, 10.0
